,Substrate,,Product,Boronic Ester,Active Catalyst-Ligand,Catalyst,Ligand,Buried_Vol,PyramidalizationAR,PyramidalizationG,SASA_area,SASA_vol,Sterimol_L,SterimolB_1,Sterimol_B_5,Buried_Sterimol_L,Buried_SterimolB_1,Buried_Sterimol_B_5,Hirshfeld Heavy Atom Charge,CM5 Charge,Hirshfeld Carbon Charge,Hirshfeld Hydrogen Charge,ESP Heavy Atom Charge,ESP Carbon Charge,ESP Hydrogen Charge,NPA Carbon Charge,NPA Hydrogen Charge,MBS Heavy Atom Charge,MBS Carbon Charge,MBS Hydrogen Charge,Mulliken Heavy Charge,Mulliken Carbon Charge,Mulliken Hydrogen Charge,Solvent,Temp,Aliphatic Atom Count,Aliphatic Bond Count,Aliphatic Ring Count,Aromatic Atom Count,Aromatic Bond Count,Aromatic Ring Count,Steric Effect Index,Atomic_Polarizability,Balaban Index,Chain Atom Count,Distance Degree,Dreiding Energy,Eccentricity,Harary Index,Hydrogen Acceptor Count,Hydrogen Acceptor Site Count,Heteroatom Aromatic Ring Count,Hydrogen Donor Count,Hydrogen Donor Site Count,Hyper Wiener Index,Largest Ring Size,Max Projection Area,Max Projection Radius,MaxZ,Moleculare Polarizability,Platt Index,Refractivity,Ring Atom Count,Rot Bond Count,Sigma Electronegativity,Wiener Index,Product_Ratio
0,"InChI=1S/C8H10F5NS/c1-14(2)7-4-3-5-8(6-7)15(9,10,11,12)13/h3-6H,1-2H3",,"InChI=1S/C14H21BF5NO2S/c1-13(2)14(3,4)23-15(22-13)10-7-11(21(5)6)9-12(8-10)24(16,17,18,19)20/h7-9H,1-6H3",2,2,6,2,31.3,1.007407269,10.0750729,972.4636489,1848.059175,9.796551091,4.45505795,9.176850355,7.039665579,4.368734745,7.203240956,0.02023,0.020748,-0.035498,0.055727,0.059252,-0.0388,0.098051,-0.16943,0.21449,0.030732,-0.086959,0.117691,-0.614189,-0.749219,0.135031,1,80,9,9,0,6,6,1,2.53248532,1.359456,2.637184583,9,46,250.1,5,44.71666667,1,1,0,0,0,815,6,60.95419934,5.638822225,6.401753873,18.69286116,56,53.1652,6,2,8.741901077,332,1
1,"InChI=1S/C8H10F5NS/c1-14(2)7-4-3-5-8(6-7)15(9,10,11,12)13/h3-6H,1-2H3",,"InChI=1S/C14H21BF5NO2S/c1-13(2)14(3,4)23-15(22-13)11-8-7-10(21(5)6)9-12(11)24(16,17,18,19)20/h7-9H,1-6H3",2,2,6,2,31.3,1.007407269,10.0750729,972.4636489,1848.059175,9.796551091,4.45505795,9.176850355,7.039665579,4.368734745,7.203240956,-0.003218,-0.0058,-0.059269,0.056052,-0.031005,-0.181621,0.150616,-0.24796,0.23995,0.025675,-0.114211,0.139886,0.701912,0.547226,0.154686,1,80,9,9,0,6,6,1,2.905999846,1.359456,2.637184583,9,34,250.1,3,44.71666667,1,1,0,0,0,815,6,60.95419934,5.638822225,6.401753873,18.69286116,56,53.1652,6,2,8.962776147,332,0
2,"InChI=1S/C8H10F5NS/c1-14(2)7-4-3-5-8(6-7)15(9,10,11,12)13/h3-6H,1-2H3",,"InChI=1S/C14H21BF5NO2S/c1-13(2)14(3,4)23-15(22-13)12-10(21(5)6)8-7-9-11(12)24(16,17,18,19)20/h7-9H,1-6H3",2,2,6,2,31.3,1.007407269,10.0750729,972.4636489,1848.059175,9.796551091,4.45505795,9.176850355,7.039665579,4.368734745,7.203240956,-0.014376,-0.005871,-0.062071,0.047695,-0.107561,-0.294985,0.187424,-0.26049,0.2425,0.006579,-0.131703,0.138282,0.100138,-0.048948,0.149086,1,80,9,9,0,6,6,1,3.529895989,1.359456,2.637184583,9,37,250.1,4,44.71666667,1,1,0,0,0,815,6,60.95419934,5.638822225,6.401753873,18.69286116,56,53.1652,6,2,8.891741983,332,0
3,"InChI=1S/C8H10F5NS/c1-14(2)7-4-3-5-8(6-7)15(9,10,11,12)13/h3-6H,1-2H3",,"InChI=1S/C14H21BF5NO2S/c1-13(2)14(3,4)23-15(22-13)10-21(5)11-7-6-8-12(9-11)24(16,17,18,19)20/h6-9H,10H2,1-5H3",2,2,6,2,31.3,1.007407269,10.0750729,972.4636489,1848.059175,9.796551091,4.45505795,9.176850355,7.039665579,4.368734745,7.203240956,0.102317,0.196578,-0.033107,0.05112,0.149046,0.054932,0.06016,-0.35293,0.20223,0.171282,-0.134113,0.108195,0.151835,-0.289806,0.142832,1,80,9,9,0,6,6,1,1.246810804,1.116290667,2.637184583,9,59,250.1,6,44.71666667,1,1,0,0,0,815,6,60.95419934,5.638822225,6.401753873,18.69286116,56,53.1652,6,2,7.899840614,332,0
4,"InChI=1S/C8H10F5NS/c1-14(2)7-4-3-5-8(6-7)15(9,10,11,12)13/h3-6H,1-2H3",,"InChI=1S/C14H21BF5NO2S/c1-13(2)14(3,4)23-15(22-13)11-8-7-10(9-12(11)21(5)6)24(16,17,18,19)20/h7-9H,1-6H3",2,2,6,2,31.3,1.007407269,10.0750729,972.4636489,1848.059175,9.796551091,4.45505795,9.176850355,7.039665579,4.368734745,7.203240956,-0.012668,-0.001438,-0.058252,0.045585,-0.116413,-0.252956,0.136543,-0.24349,0.2144,-0.024671,-0.136867,0.112197,0.46586,0.343267,0.122594,1,80,9,9,0,6,6,1,2.755134032,1.359456,2.637184583,9,40,250.1,5,44.71666667,1,1,0,0,0,815,6,60.95419934,5.638822225,6.401753873,18.69286116,56,53.1652,6,2,8.771105618,332,0
5,"InChI=1S/C13H14N2O/c16-13(15-7-3-4-8-15)12-9-10-5-1-2-6-11(10)14-12/h1-2,5-6,9,14H,3-4,7-8H2",,"InChI=1S/C19H27BN2O3/c1-18(2)19(3,4)25-20(24-18)14-9-10-22(12-14)17(23)16-11-13-7-5-6-8-15(13)21-16/h5-8,14,16,21H,9-12H2,1-4H3",2,2,6,2,31.3,1.007407269,10.0750729,972.4636489,1848.059175,9.796551091,4.45505795,9.176850355,7.039665579,4.368734745,7.203240956,0.083178,0.162976,0.000544,0.038758,0.148032,0.192607,-0.017031,-0.17329,0.188,0.159956,-0.041955,0.093786,0.218205,-0.103166,0.159135,10,100,7,8,1,9,10,2,2.522739464,1.359456,1.41090659,2,57,51.53,7,48.44285714,1,2,1,1,1,1229,6,71.81344506,6.760430665,5.484154687,25.02579902,50,63.4348,14,1,8.420079794,433,0
6,"InChI=1S/C13H14N2O/c16-13(15-7-3-4-8-15)12-9-10-5-1-2-6-11(10)14-12/h1-2,5-6,9,14H,3-4,7-8H2",,"InChI=1S/C19H27BN2O3/c1-18(2)19(3,4)25-20(24-18)16-10-7-11-22(16)17(23)15-12-13-8-5-6-9-14(13)21-15/h5-6,8-9,15-16,21H,7,10-12H2,1-4H3",2,2,6,2,31.3,1.007407269,10.0750729,972.4636489,1848.059175,9.796551091,4.45505795,9.176850355,7.039665579,4.368734745,7.203240956,0.028416,0.037393,-0.054439,0.039696,0.035616,0.039044,0.005675,-0.38948,0.19952,0.029093,-0.153998,0.089604,-0.210002,-0.533552,0.161153,10,100,7,8,1,9,10,2,2.342341793,1.116290667,1.41090659,2,58,51.53,7,48.44285714,1,2,1,1,1,1229,6,71.81344506,6.760430665,5.484154687,25.02579902,50,63.4348,14,1,8.036822932,433,0
7,"InChI=1S/C13H14N2O/c16-13(15-7-3-4-8-15)12-9-10-5-1-2-6-11(10)14-12/h1-2,5-6,9,14H,3-4,7-8H2",,"InChI=1S/C19H27BN2O3/c1-18(2)19(3,4)25-20(24-18)14-8-7-9-15-13(14)12-16(21-15)17(23)22-10-5-6-11-22/h7-9,16,21H,5-6,10-12H2,1-4H3",2,2,6,2,31.3,1.007407269,10.0750729,972.4636489,1848.059175,9.796551091,4.45505795,9.176850355,7.039665579,4.368734745,7.203240956,-0.004058,-0.000243,-0.050348,0.04629,-0.140495,-0.275641,0.135146,-0.18206,0.20584,-0.003914,-0.108402,0.104488,-0.384429,-0.497746,0.113317,10,100,7,8,1,9,10,2,2.509402663,1.359456,1.41090659,2,57,51.53,7,48.44285714,1,2,1,1,1,1229,6,71.81344506,6.760430665,5.484154687,25.02579902,50,63.4348,14,1,8.407472021,433,0
8,"InChI=1S/C13H14N2O/c16-13(15-7-3-4-8-15)12-9-10-5-1-2-6-11(10)14-12/h1-2,5-6,9,14H,3-4,7-8H2",,"InChI=1S/C19H27BN2O3/c1-18(2)19(3,4)25-20(24-18)14-7-8-15-13(11-14)12-16(21-15)17(23)22-9-5-6-10-22/h7-8,11,16,21H,5-6,9-10,12H2,1-4H3",2,2,6,2,31.3,1.007407269,10.0750729,972.4636489,1848.059175,9.796551091,4.45505795,9.176850355,7.039665579,4.368734745,7.203240956,-0.020055,-0.019674,-0.062842,0.042787,0.0173,-0.063184,0.080484,-0.22883,0.20507,-0.01807,-0.121466,0.103396,-0.01501,-0.137111,0.122101,10,100,7,8,1,9,10,2,2.374117425,1.359456,1.41090659,2,67,51.53,8,48.44285714,1,2,1,1,1,1229,6,71.81344506,6.760430665,5.484154687,25.02579902,50,63.4348,14,1,8.318611009,433,0
9,"InChI=1S/C13H14N2O/c16-13(15-7-3-4-8-15)12-9-10-5-1-2-6-11(10)14-12/h1-2,5-6,9,14H,3-4,7-8H2",,"InChI=1S/C19H27BN2O3/c1-18(2)19(3,4)25-20(24-18)14-8-7-13-11-16(21-15(13)12-14)17(23)22-9-5-6-10-22/h7-8,12,16,21H,5-6,9-11H2,1-4H3",2,2,6,2,31.3,1.007407269,10.0750729,972.4636489,1848.059175,9.796551091,4.45505795,9.176850355,7.039665579,4.368734745,7.203240956,-0.00771,-0.007105,-0.052862,0.045152,-0.011966,-0.109101,0.097135,-0.20022,0.20517,-0.001525,-0.107443,0.105919,-0.09095,-0.21511,0.124159,10,100,7,8,1,9,10,2,2.326754207,1.116290667,1.41090659,2,69,51.53,8,48.44285714,1,2,1,1,1,1229,6,71.81344506,6.760430665,5.484154687,25.02579902,50,63.4348,14,1,7.627833899,433,0
10,"InChI=1S/C13H14N2O/c16-13(15-7-3-4-8-15)12-9-10-5-1-2-6-11(10)14-12/h1-2,5-6,9,14H,3-4,7-8H2",,"InChI=1S/C19H27BN2O3/c1-18(2)19(3,4)25-20(24-18)14-9-7-8-13-12-15(21-16(13)14)17(23)22-10-5-6-11-22/h7-9,15,21H,5-6,10-12H2,1-4H3",2,2,6,2,31.3,1.007407269,10.0750729,972.4636489,1848.059175,9.796551091,4.45505795,9.176850355,7.039665579,4.368734745,7.203240956,-0.013831,-0.005099,-0.06164,0.047808,-0.1125,-0.251909,0.139409,-0.23392,0.21066,-0.020964,-0.128378,0.107414,-0.661795,-0.773033,0.111239,10,100,7,8,1,9,10,2,2.342341793,1.116290667,1.41090659,2,58,51.53,7,48.44285714,1,2,1,1,1,1229,6,71.81344506,6.760430665,5.484154687,25.02579902,50,63.4348,14,1,8.036822932,433,1
11,"InChI=1S/C13H14N2O/c16-13(15-7-3-4-8-15)12-9-10-5-1-2-6-11(10)14-12/h1-2,5-6,9,14H,3-4,7-8H2",,"InChI=1S/C19H27BN2O3/c1-18(2)19(3,4)25-20(24-18)15-13-9-5-6-10-14(13)21-16(15)17(23)22-11-7-8-12-22/h5-6,9-10,15-16,21H,7-8,11-12H2,1-4H3",2,2,6,2,31.3,1.007407269,10.0750729,972.4636489,1848.059175,9.796551091,4.45505795,9.176850355,7.039665579,4.368734745,7.203240956,-0.004058,-0.000243,-0.050348,0.04629,-0.140495,-0.275641,0.135146,-0.18206,0.20584,-0.003914,-0.108402,0.104488,-0.384429,-0.497746,0.113317,10,100,7,8,1,9,10,2,3.602898,2.16,1.41090659,2,47,51.53,6,48.44285714,1,2,1,1,1,1229,6,71.81344506,6.760430665,5.484154687,25.02579902,50,63.4348,14,1,8.565722104,433,0
12,"InChI=1S/C13H14N2O2/c1-17-13(16)11-6-9-8-4-2-3-5-10(8)15-12(9)7-14-11/h2-5,11,14-15H,6-7H2,1H3",,"InChI=1S/C19H25BN2O4/c1-18(2)19(3,4)26-20(25-18)16-15-12(10-14(22-16)17(23)24-5)11-8-6-7-9-13(11)21-15/h6-9,14,16,21-22H,10H2,1-5H3",2,2,6,2,31.3,1.007407269,10.0750729,972.4636489,1848.059175,9.796551091,4.45505795,9.176850355,7.039665579,4.368734745,7.203240956,0.06617,0.155211,-0.007554,0.027888,0.444196,0.579872,-0.087531,-0.19596,0.17542,0.149006,-0.032795,0.077051,0.000202,-0.294812,0.145276,6,60,8,9,1,9,10,2,3.760152671,2.16,1.410953411,4,46,45.51,6,53.87063492,2,3,1,2,2,1398,6,73.45983423,7.082527749,6.31802272,26.30305227,54,64.1786,13,2,8.515951608,493,0
13,"InChI=1S/C13H14N2O2/c1-17-13(16)11-6-9-8-4-2-3-5-10(8)15-12(9)7-14-11/h2-5,11,14-15H,6-7H2,1H3",,"InChI=1S/C19H25BN2O4/c1-18(2)19(3,4)26-20(25-18)13-8-6-7-11-12-9-14(17(23)24-5)21-10-15(12)22-16(11)13/h6-8,14,21-22H,9-10H2,1-5H3",2,2,6,2,31.3,1.007407269,10.0750729,972.4636489,1848.059175,9.796551091,4.45505795,9.176850355,7.039665579,4.368734745,7.203240956,-0.024703,-0.016045,-0.067812,0.043109,-0.143648,-0.276484,0.132836,-0.23779,0.20578,-0.031131,-0.131319,0.100188,-0.584945,-0.688363,0.103418,6,60,8,9,1,9,10,2,2.722359357,1.116290667,1.410953411,4,45,45.51,5,53.87063492,2,3,1,2,2,1398,6,73.45983423,7.082527749,6.31802272,26.30305227,54,64.1786,13,2,7.975215052,493,1
14,"InChI=1S/C13H14N2O2/c1-17-13(16)11-6-9-8-4-2-3-5-10(8)15-12(9)7-14-11/h2-5,11,14-15H,6-7H2,1H3",,"InChI=1S/C19H25BN2O4/c1-18(2)19(3,4)26-20(25-18)11-6-7-12-13-9-15(17(23)24-5)21-10-16(13)22-14(12)8-11/h6-8,15,21-22H,9-10H2,1-5H3",2,2,6,2,31.3,1.007407269,10.0750729,972.4636489,1848.059175,9.796551091,4.45505795,9.176850355,7.039665579,4.368734745,7.203240956,-0.018263,-0.017704,-0.060555,0.042292,0.013871,-0.071949,0.085821,-0.21234,0.20361,-0.012233,-0.114946,0.102713,-0.074616,-0.194549,0.119934,6,60,8,9,1,9,10,2,2.571973158,1.359456,1.410953411,4,57,45.51,7,53.87063492,2,3,1,2,2,1398,6,73.45983423,7.082527749,6.31802272,26.30305227,54,64.1786,13,2,8.424137754,493,0
15,"InChI=1S/C13H14N2O2/c1-17-13(16)11-6-9-8-4-2-3-5-10(8)15-12(9)7-14-11/h2-5,11,14-15H,6-7H2,1H3",,"InChI=1S/C19H25BN2O4/c1-18(2)19(3,4)26-20(25-18)11-6-7-14-12(8-11)13-9-15(17(23)24-5)21-10-16(13)22-14/h6-8,15,21-22H,9-10H2,1-5H3",2,2,6,2,31.3,1.007407269,10.0750729,972.4636489,1848.059175,9.796551091,4.45505795,9.176850355,7.039665579,4.368734745,7.203240956,-0.024515,-0.024137,-0.06551,0.040995,-0.053256,-0.147208,0.093952,-0.2271,0.20347,-0.02082,-0.121925,0.101106,-0.233528,-0.35231,0.118782,6,60,8,9,1,9,10,2,2.380868345,1.359456,1.410953411,4,74,45.51,9,53.87063492,2,3,1,2,2,1398,6,73.45983423,7.082527749,6.31802272,26.30305227,54,64.1786,13,2,8.317348634,493,0
16,"InChI=1S/C13H14N2O2/c1-17-13(16)11-6-9-8-4-2-3-5-10(8)15-12(9)7-14-11/h2-5,11,14-15H,6-7H2,1H3",,"InChI=1S/C19H25BN2O4/c1-18(2)19(3,4)26-20(25-18)12-7-6-8-13-16(12)11-9-14(17(23)24-5)21-10-15(11)22-13/h6-8,14,21-22H,9-10H2,1-5H3",2,2,6,2,31.3,1.007407269,10.0750729,972.4636489,1848.059175,9.796551091,4.45505795,9.176850355,7.039665579,4.368734745,7.203240956,-0.01038,-0.006197,-0.054655,0.044274,-0.050384,-0.170437,0.120053,-0.1909,0.20568,-0.014048,-0.116608,0.10256,-0.337709,-0.452435,0.114726,6,60,8,9,1,9,10,2,2.523234622,1.359456,1.410953411,4,63,45.51,8,53.87063492,2,3,1,2,2,1398,6,73.45983423,7.082527749,6.31802272,26.30305227,54,64.1786,13,2,8.385117983,493,0
17,"InChI=1S/C13H14N2O2/c1-17-13(16)11-6-9-8-4-2-3-5-10(8)15-12(9)7-14-11/h2-5,11,14-15H,6-7H2,1H3",,"InChI=1S/C19H25BN2O4/c1-18(2)19(3,4)26-20(25-18)15-14-11-8-6-7-9-12(11)22-13(14)10-21-16(15)17(23)24-5/h6-9,15-16,21-22H,10H2,1-5H3",2,2,6,2,31.3,1.007407269,10.0750729,972.4636489,1848.059175,9.796551091,4.45505795,9.176850355,7.039665579,4.368734745,7.203240956,0.018102,0.043493,-0.059487,0.03837,0.174097,0.242864,-0.026943,-0.38939,0.21382,0.058882,-0.144188,0.100495,-0.67804,-1.022778,0.179443,6,60,8,9,1,9,10,2,2.426349481,1.116290667,1.410953411,4,51,45.51,5,53.87063492,2,3,1,2,2,1398,6,73.45983423,7.082527749,6.31802272,26.30305227,54,64.1786,13,2,8.301399201,493,0
18,"InChI=1S/C13H14N2O2/c1-17-13(16)11-6-9-8-4-2-3-5-10(8)15-12(9)7-14-11/h2-5,11,14-15H,6-7H2,1H3",,"InChI=1S/C19H25BN2O4/c1-18(2)19(3,4)26-20(25-18)11-24-17(23)15-9-13-12-7-5-6-8-14(12)22-16(13)10-21-15/h5-8,15,21-22H,9-11H2,1-4H3",2,2,6,2,31.3,1.007407269,10.0750729,972.4636489,1848.059175,9.796551091,4.45505795,9.176850355,7.039665579,4.368734745,7.203240956,0.147879,0.209365,-0.006795,0.053887,0.246669,0.07935,0.067778,-0.21604,0.18825,0.279975,-0.082549,0.121105,0.313873,-0.164919,0.154792,6,60,8,9,1,9,10,2,2.398546484,1.359456,1.410953411,4,68,45.51,8,53.87063492,2,3,1,2,2,1398,6,73.45983423,7.082527749,6.31802272,26.30305227,54,64.1786,13,2,8.29114015,493,0
19,"InChI=1S/C13H14N2O2/c1-17-13(16)11-6-9-8-4-2-3-5-10(8)15-12(9)7-14-11/h2-5,11,14-15H,6-7H2,1H3",,"InChI=1S/C19H25BN2O4/c1-18(2)19(3,4)26-20(25-18)16-15-12(10-14(22-16)17(23)24-5)11-8-6-7-9-13(11)21-15/h6-9,14,16,21-22H,10H2,1-5H3",2,2,6,2,31.3,1.007407269,10.0750729,972.4636489,1848.059175,9.796551091,4.45505795,9.176850355,7.039665579,4.368734745,7.203240956,0.06617,0.155211,-0.007554,0.027888,0.444196,0.579872,-0.087531,-0.19596,0.17542,0.149006,-0.032795,0.077051,0.000202,-0.294812,0.145276,6,60,8,9,1,9,10,2,3.760152671,2.16,1.410953411,4,46,45.51,6,53.87063492,2,3,1,2,2,1398,6,73.45983423,7.082527749,6.31802272,26.30305227,54,64.1786,13,2,8.515951608,493,0
20,"InChI=1S/C20H20N2O4/c1-25-19(23)18(11-15-12-21-17-10-6-5-9-16(15)17)22-20(24)26-13-14-7-3-2-4-8-14/h2-10,12,18,21H,11,13H2,1H3,(H,22,24)/t18-/m0/s1",,"InChI=1S/C26H31BN2O6/c1-25(2)26(3,4)35-27(34-25)19-12-9-13-20-22(19)18(15-28-20)14-21(23(30)32-5)29-24(31)33-16-17-10-7-6-8-11-17/h6-13,15,21,28H,14,16H2,1-5H3,(H,29,31)/t21-/m0/s1",2,2,6,2,31.3,1.007407269,10.0750729,972.4636489,1848.059175,9.796551091,4.45505795,9.176850355,7.039665579,4.368734745,7.203240956,-0.011481,-0.006161,-0.054185,0.042704,-0.021106,-0.143334,0.122229,-0.20485,0.20502,-0.015556,-0.119274,0.103718,-0.946836,-1.061177,0.114341,1,60,11,12,0,15,16,3,2.515467909,1.359456,1.470548785,11,161,65.31,13,93.09153069,4,7,1,2,2,7763,6,91.03183891,7.11057015,8.701990181,38.5319438,80,97.4425,15,8,8.382389666,1838,0
21,"InChI=1S/C20H20N2O4/c1-25-19(23)18(11-15-12-21-17-10-6-5-9-16(15)17)22-20(24)26-13-14-7-3-2-4-8-14/h2-10,12,18,21H,11,13H2,1H3,(H,22,24)/t18-/m0/s1",,"InChI=1S/C26H31BN2O6/c1-25(2)26(3,4)35-27(34-25)19-11-12-21-20(14-19)18(15-28-21)13-22(23(30)32-5)29-24(31)33-16-17-9-7-6-8-10-17/h6-12,14-15,22,28H,13,16H2,1-5H3,(H,29,31)/t22-/m0/s1",2,2,6,2,31.3,1.007407269,10.0750729,972.4636489,1848.059175,9.796551091,4.45505795,9.176850355,7.039665579,4.368734745,7.203240956,-0.02395,-0.023607,-0.065035,0.041085,-0.058107,-0.14261,0.084502,-0.20984,0.20221,-0.022674,-0.123465,0.100792,-0.170401,-0.288861,0.11846,1,60,11,12,0,15,16,3,2.379176753,1.359456,1.470548785,11,181,65.31,14,93.09153069,4,7,1,2,2,7763,6,91.03183891,7.11057015,8.701990181,38.5319438,80,97.4425,15,8,8.317050552,1838,0
22,"InChI=1S/C20H20N2O4/c1-25-19(23)18(11-15-12-21-17-10-6-5-9-16(15)17)22-20(24)26-13-14-7-3-2-4-8-14/h2-10,12,18,21H,11,13H2,1H3,(H,22,24)/t18-/m0/s1",,"InChI=1S/C26H31BN2O6/c1-25(2)26(3,4)35-27(34-25)19-11-12-20-18(15-28-21(20)14-19)13-22(23(30)32-5)29-24(31)33-16-17-9-7-6-8-10-17/h6-12,14-15,22,28H,13,16H2,1-5H3,(H,29,31)/t22-/m0/s1",2,2,6,2,31.3,1.007407269,10.0750729,972.4636489,1848.059175,9.796551091,4.45505795,9.176850355,7.039665579,4.368734745,7.203240956,-0.015001,-0.014445,-0.058484,0.043482,0.026425,-0.06012,0.086545,-0.21871,0.20459,-0.009346,-0.113531,0.104185,-0.185252,-0.306884,0.121632,1,60,11,12,0,15,16,3,2.484916572,1.359456,1.470548785,11,163,65.31,12,93.09153069,4,7,1,2,2,7763,6,91.03183891,7.11057015,8.701990181,38.5319438,80,97.4425,15,8,8.330877185,1838,0
23,"InChI=1S/C20H20N2O4/c1-25-19(23)18(11-15-12-21-17-10-6-5-9-16(15)17)22-20(24)26-13-14-7-3-2-4-8-14/h2-10,12,18,21H,11,13H2,1H3,(H,22,24)/t18-/m0/s1",,"InChI=1S/C26H31BN2O6/c1-25(2)26(3,4)35-27(34-25)20-13-9-12-19-18(15-28-22(19)20)14-21(23(30)32-5)29-24(31)33-16-17-10-7-6-8-11-17/h6-13,15,21,28H,14,16H2,1-5H3,(H,29,31)/t21-/m0/s1",2,2,6,2,31.3,1.007407269,10.0750729,972.4636489,1848.059175,9.796551091,4.45505795,9.176850355,7.039665579,4.368734745,7.203240956,-0.019785,-0.011116,-0.064678,0.044894,-0.154234,-0.284109,0.129874,-0.23317,0.20734,-0.026334,-0.129003,0.102668,-0.216256,-0.32386,0.107604,1,60,11,12,0,15,16,3,2.764619882,1.116290667,1.470548785,11,103,65.31,9,93.09153069,4,7,1,2,2,7763,6,91.03183891,7.11057015,8.701990181,38.5319438,80,97.4425,15,8,8.039293424,1838,1
24,"InChI=1S/C20H20N2O4/c1-25-19(23)18(11-15-12-21-17-10-6-5-9-16(15)17)22-20(24)26-13-14-7-3-2-4-8-14/h2-10,12,18,21H,11,13H2,1H3,(H,22,24)/t18-/m0/s1",,"InChI=1S/C26H31BN2O6/c1-25(2)26(3,4)35-27(34-25)22(17-11-7-6-8-12-17)33-24(31)29-21(23(30)32-5)15-18-16-28-20-14-10-9-13-19(18)20/h6-14,16,21-22,28H,15H2,1-5H3,(H,29,31)/t21-,22?/m0/s1",2,2,6,2,31.3,1.007407269,10.0750729,972.4636489,1848.059175,9.796551091,4.45505795,9.176850355,7.039665579,4.368734745,7.203240956,0.115978,0.173306,0.023948,0.045556,0.085265,-0.074342,0.07875,-0.04158,0.1952,0.258668,0.021446,0.117006,-0.220796,-0.569205,0.167651,1,60,11,12,0,15,16,3,3.456827683,1.359456,1.470548785,11,143,65.31,11,93.09153069,4,7,1,2,2,7763,6,91.03183891,7.11057015,8.701990181,38.5319438,80,97.4425,15,8,8.388492789,1838,0
25,"InChI=1S/C20H20N2O4/c1-25-19(23)18(11-15-12-21-17-10-6-5-9-16(15)17)22-20(24)26-13-14-7-3-2-4-8-14/h2-10,12,18,21H,11,13H2,1H3,(H,22,24)/t18-/m0/s1",,"InChI=1S/C26H31BN2O6/c1-25(2)26(3,4)35-27(34-25)20-12-8-6-10-17(20)16-33-24(31)29-22(23(30)32-5)14-18-15-28-21-13-9-7-11-19(18)21/h6-13,15,22,28H,14,16H2,1-5H3,(H,29,31)/t22-/m0/s1",2,2,6,2,31.3,1.007407269,10.0750729,972.4636489,1848.059175,9.796551091,4.45505795,9.176850355,7.039665579,4.368734745,7.203240956,0.005786,0.00974,-0.042701,0.048488,-0.027694,-0.134409,0.106715,-0.18678,0.2065,0.003415,-0.102149,0.105564,-0.011348,-0.124483,0.113134,1,60,11,12,0,15,16,3,2.571839988,1.359456,1.470548785,11,144,65.31,12,93.09153069,4,7,1,2,2,7763,6,91.03183891,7.11057015,8.701990181,38.5319438,80,97.4425,15,8,8.42028076,1838,0
26,"InChI=1S/C20H20N2O4/c1-25-19(23)18(11-15-12-21-17-10-6-5-9-16(15)17)22-20(24)26-13-14-7-3-2-4-8-14/h2-10,12,18,21H,11,13H2,1H3,(H,22,24)/t18-/m0/s1",,"InChI=1S/C26H31BN2O6/c1-25(2)26(3,4)35-27(34-25)19-10-8-9-17(13-19)16-33-24(31)29-22(23(30)32-5)14-18-15-28-21-12-7-6-11-20(18)21/h6-13,15,22,28H,14,16H2,1-5H3,(H,29,31)/t22-/m0/s1",2,2,6,2,31.3,1.007407269,10.0750729,972.4636489,1848.059175,9.796551091,4.45505795,9.176850355,7.039665579,4.368734745,7.203240956,0.004779,0.004919,-0.044353,0.049132,0.006285,-0.073767,0.080052,-0.20023,0.20754,0.004479,-0.104346,0.108825,-0.211461,-0.339711,0.12825,1,60,11,12,0,15,16,3,2.36457889,1.359456,1.470548785,11,183,65.31,13,93.09153069,4,7,1,2,2,7763,6,91.03183891,7.11057015,8.701990181,38.5319438,80,97.4425,15,8,8.249654827,1838,0
27,"InChI=1S/C20H20N2O4/c1-25-19(23)18(11-15-12-21-17-10-6-5-9-16(15)17)22-20(24)26-13-14-7-3-2-4-8-14/h2-10,12,18,21H,11,13H2,1H3,(H,22,24)/t18-/m0/s1",,"InChI=1S/C26H31BN2O6/c1-25(2)26(3,4)35-27(34-25)19-12-10-17(11-13-19)16-33-24(31)29-22(23(30)32-5)14-18-15-28-21-9-7-6-8-20(18)21/h6-13,15,22,28H,14,16H2,1-5H3,(H,29,31)/t22-/m0/s1",2,2,6,2,31.3,1.007407269,10.0750729,972.4636489,1848.059175,9.796551091,4.45505795,9.176850355,7.039665579,4.368734745,7.203240956,0.006089,0.006129,-0.04312,0.049209,0.002178,-0.082671,0.084849,-0.19839,0.2074,0.007213,-0.101472,0.108685,0.035162,-0.093135,0.128297,1,60,11,12,0,15,16,3,2.36457889,1.359456,1.470548785,11,183,65.31,13,93.09153069,4,7,1,2,2,7763,6,91.03183891,7.11057015,8.701990181,38.5319438,80,97.4425,15,8,8.249654827,1838,0
28,"InChI=1S/C20H20N2O4/c1-25-19(23)18(11-15-12-21-17-10-6-5-9-16(15)17)22-20(24)26-13-14-7-3-2-4-8-14/h2-10,12,18,21H,11,13H2,1H3,(H,22,24)/t18-/m0/s1",,"InChI=1S/C26H31BN2O6/c1-25(2)26(3,4)35-27(34-25)22-19(18-13-9-10-14-20(18)28-22)15-21(23(30)32-5)29-24(31)33-16-17-11-7-6-8-12-17/h6-14,21,28H,15-16H2,1-5H3,(H,29,31)/t21-/m0/s1",2,2,6,2,31.3,1.007407269,10.0750729,972.4636489,1848.059175,9.796551091,4.45505795,9.176850355,7.039665579,4.368734745,7.203240956,0.04897,0.128887,-0.008886,0.057857,0.162183,0.039367,0.122817,0.009,0.21221,0.116199,-0.013746,0.129945,0.073179,-0.058535,0.131714,1,60,11,12,0,15,16,3,2.170572331,1.116290667,1.470548785,11,129,65.31,10,93.09153069,4,7,1,2,2,7763,6,91.03183891,7.11057015,8.701990181,38.5319438,80,97.4425,15,8,8.747066584,1838,0
29,"InChI=1S/C20H20N2O4/c1-25-19(23)18(11-15-12-21-17-10-6-5-9-16(15)17)22-20(24)26-13-14-7-3-2-4-8-14/h2-10,12,18,21H,11,13H2,1H3,(H,22,24)/t18-/m0/s1",,"InChI=1S/C26H31BN2O6/c1-25(2)26(3,4)35-27(34-25)21(19-15-28-20-14-10-9-13-18(19)20)22(23(30)32-5)29-24(31)33-16-17-11-7-6-8-12-17/h6-15,21-22,28H,16H2,1-5H3,(H,29,31)/t21?,22-/m1/s1",2,2,6,2,31.3,1.007407269,10.0750729,972.4636489,1848.059175,9.796551091,4.45505795,9.176850355,7.039665579,4.368734745,7.203240956,0.026858,0.053415,-0.056513,0.040872,0.158224,0.320636,-0.090895,-0.39278,0.22705,0.063222,-0.153651,0.11318,-0.175947,-0.504243,0.174487,1,60,11,12,0,15,16,3,3.456827683,1.359456,1.470548785,11,143,65.31,11,93.09153069,4,7,1,2,2,7763,6,91.03183891,7.11057015,8.701990181,38.5319438,80,97.4425,15,8,8.388492789,1838,0
30,"InChI=1S/C27H38N2O3Si/c1-25(2,3)33(5,6)32-17-14-26-12-9-15-29-16-13-27(24(26)29)20-10-7-8-11-21(20)28-22(27)19(18-26)23(30)31-4/h7-12,24,28H,13-18H2,1-6H3/t24-,26+,27-/m0/s1",,"InChI=1S/C33H49BN2O5Si/c1-29(2,3)42(9,10)39-20-18-32-16-15-25(34-40-30(4,5)31(6,7)41-34)36-19-17-33(28(32)36)23-13-11-12-14-24(23)35-26(33)22(21-32)27(37)38-8/h11-16,25,28,35H,17-21H2,1-10H3/t25?,28-,32+,33-/m0/s1",2,5,6,6,31,1.005835671,10.00822993,875.3439135,1697.282211,8.602930677,5.099262904,7.832923246,7.116061716,5.099262904,7.370866943,0.056396,0.142948,-0.011107,0.024126,0.319528,0.412695,-0.068013,-0.18844,0.17257,0.133229,-0.029277,0.064888,0.161802,-0.117131,0.131269,1,23,27,31,4,6,6,1,2.547074309,1.116290667,1.452558572,14,157,165.72,9,150.2127345,4,6,0,1,1,10558,6,114.9316784,8.147176045,11.34647089,52.6545701,126,133.0246,19,7,7.981658846,2763,0
31,"InChI=1S/C27H38N2O3Si/c1-25(2,3)33(5,6)32-17-14-26-12-9-15-29-16-13-27(24(26)29)20-10-7-8-11-21(20)28-22(27)19(18-26)23(30)31-4/h7-12,24,28H,13-18H2,1-6H3/t24-,26+,27-/m0/s1",,"InChI=1S/C33H49BN2O5Si/c1-29(2,3)42(9,10)39-20-17-32-15-12-18-36-19-16-33(28(32)36)25-23(34-40-30(4,5)31(6,7)41-34)13-11-14-24(25)35-26(33)22(21-32)27(37)38-8/h11-15,28,35H,16-21H2,1-10H3/t28-,32+,33-/m0/s1",2,5,6,6,31,1.005835671,10.00822993,875.3439135,1697.282211,8.602930677,5.099262904,7.832923246,7.116061716,5.099262904,7.370866943,-0.000998,0.003101,-0.047483,0.046485,0.001587,-0.115878,0.117465,-0.19126,0.21035,-0.001733,-0.109108,0.107375,-0.425674,-0.548921,0.123247,1,23,27,31,4,6,6,1,2.592430993,1.359456,1.452558572,14,185,165.72,11,150.2127345,4,6,0,1,1,10558,6,114.9316784,8.147176045,11.34647089,52.6545701,126,133.0246,19,7,8.244914755,2763,0
32,"InChI=1S/C27H38N2O3Si/c1-25(2,3)33(5,6)32-17-14-26-12-9-15-29-16-13-27(24(26)29)20-10-7-8-11-21(20)28-22(27)19(18-26)23(30)31-4/h7-12,24,28H,13-18H2,1-6H3/t24-,26+,27-/m0/s1",,"InChI=1S/C33H49BN2O5Si/c1-29(2,3)42(9,10)39-18-16-32-19-22(34-40-30(4,5)31(6,7)41-34)21-36-17-15-33(28(32)36)24-13-11-12-14-25(24)35-26(33)23(20-32)27(37)38-8/h11-14,19,28,35H,15-18,20-21H2,1-10H3/t28-,32-,33-/m0/s1",2,5,6,6,31,1.005835671,10.00822993,875.3439135,1697.282211,8.602930677,5.099262904,7.832923246,7.116061716,5.099262904,7.370866943,-0.016252,-0.015024,-0.058015,0.041763,-0.16505,-0.26711,0.102061,-0.19365,0.20107,-0.02763,-0.127024,0.099395,-0.323544,-0.447499,0.123955,1,23,27,31,4,6,6,1,2.688432961,1.359456,1.452558572,14,167,165.72,10,150.2127345,4,6,0,1,1,10558,6,114.9316784,8.147176045,11.34647089,52.6545701,126,133.0246,19,7,8.279365139,2763,0
33,"InChI=1S/C27H38N2O3Si/c1-25(2,3)33(5,6)32-17-14-26-12-9-15-29-16-13-27(24(26)29)20-10-7-8-11-21(20)28-22(27)19(18-26)23(30)31-4/h7-12,24,28H,13-18H2,1-6H3/t24-,26+,27-/m0/s1",,"InChI=1S/C33H49BN2O5Si/c1-29(2,3)42(9,10)39-19-16-32-14-11-17-36-18-15-33(28(32)36)24-20-22(34-40-30(4,5)31(6,7)41-34)12-13-25(24)35-26(33)23(21-32)27(37)38-8/h11-14,20,28,35H,15-19,21H2,1-10H3/t28-,32+,33-/m0/s1",2,5,6,6,31,1.005835671,10.00822993,875.3439135,1697.282211,8.602930677,5.099262904,7.832923246,7.116061716,5.099262904,7.370866943,-0.01642,-0.016173,-0.060814,0.044394,-0.076502,-0.174978,0.098476,-0.2245,0.20771,-0.01528,-0.12176,0.10648,-0.432952,-0.557818,0.124866,1,23,27,31,4,6,6,1,2.422719515,1.359456,1.452558572,14,212,165.72,12,150.2127345,4,6,0,1,1,10558,6,114.9316784,8.147176045,11.34647089,52.6545701,126,133.0246,19,7,8.209292596,2763,0
34,"InChI=1S/C27H38N2O3Si/c1-25(2,3)33(5,6)32-17-14-26-12-9-15-29-16-13-27(24(26)29)20-10-7-8-11-21(20)28-22(27)19(18-26)23(30)31-4/h7-12,24,28H,13-18H2,1-6H3/t24-,26+,27-/m0/s1",,"InChI=1S/C33H49BN2O5Si/c1-29(2,3)42(9,10)39-20-17-32-21-22(27(37)38-8)26-33(23-13-11-12-14-24(23)35-26)16-19-36(28(32)33)18-15-25(32)34-40-30(4,5)31(6,7)41-34/h11-15,28,35H,16-21H2,1-10H3/t28-,32+,33-/m0/s1",2,5,6,6,31,1.005835671,10.00822993,875.3439135,1697.282211,8.602930677,5.099262904,7.832923246,7.116061716,5.099262904,7.370866943,-0.010465,-0.002046,-0.048175,0.03771,-0.122628,-0.278615,0.155987,-0.17725,0.22557,-0.004234,-0.126262,0.122028,0.261667,0.085932,0.175735,1,23,27,31,4,6,6,1,2.860647811,1.116290667,1.452558572,14,146,165.72,9,150.2127345,4,6,0,1,1,10558,6,114.9316784,8.147176045,11.34647089,52.6545701,126,133.0246,19,7,7.761538074,2763,0
35,"InChI=1S/C27H38N2O3Si/c1-25(2,3)33(5,6)32-17-14-26-12-9-15-29-16-13-27(24(26)29)20-10-7-8-11-21(20)28-22(27)19(18-26)23(30)31-4/h7-12,24,28H,13-18H2,1-6H3/t24-,26+,27-/m0/s1",,"InChI=1S/C33H49BN2O5Si/c1-29(2,3)42(9,10)39-19-16-32-14-11-17-36-18-15-33(28(32)36)24-13-12-22(34-40-30(4,5)31(6,7)41-34)20-25(24)35-26(33)23(21-32)27(37)38-8/h11-14,20,28,35H,15-19,21H2,1-10H3/t28-,32+,33-/m0/s1",2,5,6,6,31,1.005835671,10.00822993,875.3439135,1697.282211,8.602930677,5.099262904,7.832923246,7.116061716,5.099262904,7.370866943,-0.000768,-0.000195,-0.048207,0.047439,0.071764,-0.012853,0.084617,-0.18805,0.2072,0.008864,-0.099472,0.108336,-0.057142,-0.183953,0.126811,1,23,27,31,4,6,6,1,2.531546821,1.359456,1.452558572,14,164,165.72,8,150.2127345,4,6,0,1,1,10558,6,114.9316784,8.147176045,11.34647089,52.6545701,126,133.0246,19,7,8.093937377,2763,0
36,"InChI=1S/C27H38N2O3Si/c1-25(2,3)33(5,6)32-17-14-26-12-9-15-29-16-13-27(24(26)29)20-10-7-8-11-21(20)28-22(27)19(18-26)23(30)31-4/h7-12,24,28H,13-18H2,1-6H3/t24-,26+,27-/m0/s1",,"InChI=1S/C33H49BN2O5Si/c1-29(2,3)42(9,10)39-20-17-32-15-12-18-36-19-16-33(28(32)36)23-13-11-14-24(34-40-30(4,5)31(6,7)41-34)25(23)35-26(33)22(21-32)27(37)38-8/h11-15,28,35H,16-21H2,1-10H3/t28-,32+,33-/m0/s1",2,5,6,6,31,1.005835671,10.00822993,875.3439135,1697.282211,8.602930677,5.099262904,7.832923246,7.116061716,5.099262904,7.370866943,-0.01709,-0.008229,-0.064274,0.047183,-0.208547,-0.363781,0.155234,-0.24329,0.21111,-0.030238,-0.136685,0.106447,-0.492222,-0.60243,0.110207,1,23,27,31,4,6,6,1,2.831227768,1.359456,1.452558572,14,140,165.72,7,150.2127345,4,6,0,1,1,10558,6,114.9316784,8.147176045,11.34647089,52.6545701,126,133.0246,19,7,8.079774897,2763,1
37,"InChI=1S/C27H38N2O3Si/c1-25(2,3)33(5,6)32-17-14-26-12-9-15-29-16-13-27(24(26)29)20-10-7-8-11-21(20)28-22(27)19(18-26)23(30)31-4/h7-12,24,28H,13-18H2,1-6H3/t24-,26+,27-/m0/s1",,"InChI=1S/C33H49BN2O5Si/c1-29(2,3)42(8,9)39-20-17-32-15-12-18-36-19-16-33(28(32)36)24-13-10-11-14-25(24)35-26(33)23(21-32)27(37)38-22-34-40-30(4,5)31(6,7)41-34/h10-15,28,35H,16-22H2,1-9H3/t28-,32+,33-/m0/s1",2,5,6,6,31,1.005835671,10.00822993,875.3439135,1697.282211,8.602930677,5.099262904,7.832923246,7.116061716,5.099262904,7.370866943,0.127587,0.189743,-0.014201,0.04625,0.199788,-0.022546,0.070819,-0.21035,0.18522,0.26941,-0.077963,0.11681,0.299916,-0.178846,0.166535,1,23,27,31,4,6,6,1,4.241874822,1.116290667,1.452558572,14,208,165.72,11,150.2127345,4,6,0,1,1,10558,6,114.9316784,8.147176045,11.34647089,52.6545701,126,133.0246,19,7,7.53701422,2763,0
38,"InChI=1S/C27H38N2O3Si/c1-25(2,3)33(5,6)32-17-14-26-12-9-15-29-16-13-27(24(26)29)20-10-7-8-11-21(20)28-22(27)19(18-26)23(30)31-4/h7-12,24,28H,13-18H2,1-6H3/t24-,26+,27-/m0/s1",,"InChI=1S/C33H49BN2O5Si/c1-29(2,3)42(9,22-34-40-30(4,5)31(6,7)41-34)39-20-17-32-15-12-18-36-19-16-33(28(32)36)24-13-10-11-14-25(24)35-26(33)23(21-32)27(37)38-8/h10-15,28,35H,16-22H2,1-9H3/t28-,32+,33-,42?/m0/s1",2,5,6,6,31,1.005835671,10.00822993,875.3439135,1697.282211,8.602930677,5.099262904,7.832923246,7.116061716,5.099262904,7.370866943,-0.091433,-0.033724,-0.214057,0.042903,-0.173311,-0.415944,0.075229,-1.1182,0.23269,-0.146882,-0.444039,0.097407,-0.440367,-1.006807,0.183934,1,23,27,31,4,6,6,1,2.460867147,1.359456,1.452558572,14,194,165.72,11,150.2127345,4,6,0,1,1,10558,6,114.9316784,8.147176045,11.34647089,52.6545701,126,133.0246,19,7,8.022212105,2763,0
39,"InChI=1S/C27H38N2O3Si/c1-25(2,3)33(5,6)32-17-14-26-12-9-15-29-16-13-27(24(26)29)20-10-7-8-11-21(20)28-22(27)19(18-26)23(30)31-4/h7-12,24,28H,13-18H2,1-6H3/t24-,26+,27-/m0/s1",,"InChI=1S/C33H49BN2O5Si/c1-29(2,22-34-40-30(3,4)31(5,6)41-34)42(8,9)39-20-17-32-15-12-18-36-19-16-33(28(32)36)24-13-10-11-14-25(24)35-26(33)23(21-32)27(37)38-7/h10-15,28,35H,16-22H2,1-9H3/t28-,32+,33-/m0/s1",2,5,6,6,31,1.005835671,10.00822993,875.3439135,1697.282211,8.602930677,5.099262904,7.832923246,7.116061716,5.099262904,7.370866943,-0.004843,0.012068,-0.100878,0.034758,-0.128696,-0.12821,-0.000619,-0.57368,0.2029,-0.021825,-0.259349,0.083287,-0.081728,-0.506927,0.148731,1,23,27,31,4,6,6,1,1.868128024,1.116290667,1.452558572,14,233,165.72,12,150.2127345,4,6,0,1,1,10558,6,114.9316784,8.147176045,11.34647089,52.6545701,126,133.0246,19,7,7.426778222,2763,0
40,"InChI=1S/C27H38N2O3Si/c1-25(2,3)33(5,6)32-17-14-26-12-9-15-29-16-13-27(24(26)29)20-10-7-8-11-21(20)28-22(27)19(18-26)23(30)31-4/h7-12,24,28H,13-18H2,1-6H3/t24-,26+,27-/m0/s1",,"InChI=1S/C33H49BN2O5Si/c1-29(2,3)42(9,10)39-25(34-40-30(4,5)31(6,7)41-34)21-32-16-13-18-36-19-17-33(28(32)36)23-14-11-12-15-24(23)35-26(33)22(20-32)27(37)38-8/h11-16,25,28,35H,17-21H2,1-10H3/t25?,28-,32-,33-/m0/s1",2,5,6,6,31,1.005835671,10.00822993,875.3439135,1697.282211,8.602930677,5.099262904,7.832923246,7.116061716,5.099262904,7.370866943,0.087469,0.12649,0.023119,0.031869,0.339655,0.424654,-0.00161,-0.01096,0.1617,0.208752,0.038703,0.080627,-0.412584,-0.720335,0.156002,1,23,27,31,4,6,6,1,3.023362912,1.116290667,1.452558572,14,127,165.72,7,150.2127345,4,6,0,1,1,10558,6,114.9316784,8.147176045,11.34647089,52.6545701,126,133.0246,19,7,7.890396303,2763,0
41,"InChI=1S/C27H38N2O3Si/c1-25(2,3)33(5,6)32-17-14-26-12-9-15-29-16-13-27(24(26)29)20-10-7-8-11-21(20)28-22(27)19(18-26)23(30)31-4/h7-12,24,28H,13-18H2,1-6H3/t24-,26+,27-/m0/s1",,"InChI=1S/C33H49BN2O5Si/c1-29(2,3)42(9,10)39-21-18-32-16-13-19-36-20-17-33(28(32)36)22-14-11-12-15-23(22)35-26(33)24(27(37)38-8)25(32)34-40-30(4,5)31(6,7)41-34/h11-16,25,28,35H,17-21H2,1-10H3/t25?,28-,32+,33-/m0/s1",2,5,6,6,31,1.005835671,10.00822993,875.3439135,1697.282211,8.602930677,5.099262904,7.832923246,7.116061716,5.099262904,7.370866943,0.004657,0.033795,-0.064655,0.037291,0.154296,0.261501,-0.00361,-0.3929,0.23725,0.05256,-0.163874,0.111855,-0.350164,-0.723357,0.195315,1,23,27,31,4,6,6,1,3.915340463,1.359456,1.452558572,14,129,165.72,8,150.2127345,4,6,0,1,1,10558,6,114.9316784,8.147176045,11.34647089,52.6545701,126,133.0246,19,7,9.47477364,2763,0
42,"InChI=1S/C7H4BrF3/c8-6-3-1-2-5(4-6)7(9,10)11/h1-4H",,"InChI=1S/C13H15BBrF3O2/c1-11(2)12(3,4)20-14(19-11)9-5-8(13(16,17)18)6-10(15)7-9/h5-7H,1-4H3",2,2,6,2,31.3,1.007407269,10.0750729,972.4636489,1848.059175,9.796551091,4.45505795,9.176850355,7.039665579,4.368734745,7.203240956,0.030252,0.030728,-0.029129,0.05938,0.000388,-0.110175,0.110563,-0.18018,0.21779,0.031105,-0.091845,0.12295,-0.040657,-0.18339,0.142733,5,25,5,5,0,6,6,1,2.535951078,1.359456,2.237016257,5,24,17.19,4,26.78333333,0,0,0,0,0,317,6,48.67048037,4.850321722,5.038945422,14.65581426,32,39.6545,6,1,8.561150855,148,1
43,"InChI=1S/C7H4BrF3/c8-6-3-1-2-5(4-6)7(9,10)11/h1-4H",,"InChI=1S/C13H15BBrF3O2/c1-11(2)12(3,4)20-14(19-11)10-6-5-8(15)7-9(10)13(16,17)18/h5-7H,1-4H3",2,2,6,2,31.3,1.007407269,10.0750729,972.4636489,1848.059175,9.796551091,4.45505795,9.176850355,7.039665579,4.368734745,7.203240956,0.021149,0.023062,-0.035851,0.057,0.042984,-0.069709,0.112693,-0.17983,0.22884,0.041058,-0.091466,0.132524,-0.026409,-0.174771,0.148362,5,25,5,5,0,6,6,1,2.756551118,1.359456,2.237016257,5,30,17.19,5,26.78333333,0,0,0,0,0,317,6,48.67048037,4.850321722,5.038945422,14.65581426,32,39.6545,6,1,8.482279651,148,0
44,"InChI=1S/C7H4BrF3/c8-6-3-1-2-5(4-6)7(9,10)11/h1-4H",,"InChI=1S/C13H15BBrF3O2/c1-11(2)12(3,4)20-14(19-11)9-6-5-8(7-10(9)15)13(16,17)18/h5-7H,1-4H3",2,2,6,2,31.3,1.007407269,10.0750729,972.4636489,1848.059175,9.796551091,4.45505795,9.176850355,7.039665579,4.368734745,7.203240956,0.049291,0.053028,-0.017625,0.066916,0.059345,-0.00744,0.066785,-0.20882,0.22782,0.055086,-0.077894,0.13298,-0.052958,-0.206493,0.153535,5,25,5,5,0,6,6,1,2.920055078,1.359456,2.237016257,5,22,17.19,3,26.78333333,0,0,0,0,0,317,6,48.67048037,4.850321722,5.038945422,14.65581426,32,39.6545,6,1,8.777996057,148,0
45,"InChI=1S/C7H4BrF3/c8-6-3-1-2-5(4-6)7(9,10)11/h1-4H",,"InChI=1S/C13H15BBrF3O2/c1-11(2)12(3,4)20-14(19-11)10-8(13(16,17)18)6-5-7-9(10)15/h5-7H,1-4H3",2,2,6,2,31.3,1.007407269,10.0750729,972.4636489,1848.059175,9.796551091,4.45505795,9.176850355,7.039665579,4.368734745,7.203240956,0.043969,0.049599,-0.022124,0.066093,0.061473,-0.025674,0.087147,-0.2021,0.2421,0.065725,-0.079433,0.145158,0.024957,-0.13769,0.162647,5,25,5,5,0,6,6,1,3.650120889,1.359456,2.237016257,5,19,17.19,3,26.78333333,0,0,0,0,0,317,6,48.67048037,4.850321722,5.038945422,14.65581426,32,39.6545,6,1,8.770835197,148,0
46,"InChI=1S/C21H30N2O2/c1-14-11-15-12-18-17(7-5-9-22-18)21(13-14)16(15)8-6-10-23(21)19(24)25-20(2,3)4/h5,7,9,14-16H,6,8,10-13H2,1-4H3/t14-,15?,16-,21-/m1/s1",,"InChI=1S/C27H41BN2O4/c1-24(2,3)32-23(31)30-13-9-11-20-19-14-18(17-28-33-25(4,5)26(6,7)34-28)16-27(20,30)21-10-8-12-29-22(21)15-19/h8,10,12,18-20H,9,11,13-17H2,1-7H3/t18-,19+,20-,27-/m1/s1",2,2,6,2,31.3,1.007407269,10.0750729,972.4636489,1848.059175,9.796551091,4.45505795,9.176850355,7.039665579,4.368734745,7.203240956,0.003127,0.009225,-0.099538,0.035419,-0.132158,-0.270147,0.053043,-0.56192,0.20141,-0.008104,-0.254765,0.083778,-0.152503,-0.587033,0.145605,1,80,19,22,3,6,6,1,1.443579015,1.116290667,1.530199055,8,136,100.02,9,100.7119048,2,3,2,0,0,3834,6,92.32332271,6.680859234,9.24227785,38.5259625,106,97.7004,17,2,7.655035639,1250,0
47,"InChI=1S/C21H30N2O2/c1-14-11-15-12-18-17(7-5-9-22-18)21(13-14)16(15)8-6-10-23(21)19(24)25-20(2,3)4/h5,7,9,14-16H,6,8,10-13H2,1-4H3/t14-,15?,16-,21-/m1/s1",,"InChI=1S/C27H41BN2O4/c1-17-16-27-19(12-10-14-30(27)23(31)32-24(2,3)4)18(15-21-20(27)11-9-13-29-21)22(17)28-33-25(5,6)26(7,8)34-28/h9,11,13,17-19,22H,10,12,14-16H2,1-8H3/t17-,18-,19+,22-,27+/m0/s1",2,2,6,2,31.3,1.007407269,10.0750729,972.4636489,1848.059175,9.796551091,4.45505795,9.176850355,7.039665579,4.368734745,7.203240956,0.000772,0.007205,-0.063344,0.030791,-0.237205,-0.292929,0.012824,-0.37044,0.19495,-0.004751,-0.149867,0.069829,-0.52576,-0.815937,0.143303,1,80,19,22,3,6,6,1,2.772251679,1.116290667,1.530199055,8,98,100.02,8,100.7119048,2,3,2,0,0,3834,6,92.32332271,6.680859234,9.24227785,38.5259625,106,97.7004,17,2,8.381909143,1250,0
48,"InChI=1S/C21H30N2O2/c1-14-11-15-12-18-17(7-5-9-22-18)21(13-14)16(15)8-6-10-23(21)19(24)25-20(2,3)4/h5,7,9,14-16H,6,8,10-13H2,1-4H3/t14-,15?,16-,21-/m1/s1",,"InChI=1S/C27H41BN2O4/c1-18-15-19-16-21-20(11-9-13-29-21)27(17-18)26(19,28-33-24(5,6)25(7,8)34-28)12-10-14-30(27)22(31)32-23(2,3)4/h9,11,13,18-19H,10,12,14-17H2,1-8H3/t18-,19+,26+,27+/m1/s1",2,2,6,2,31.3,1.007407269,10.0750729,972.4636489,1848.059175,9.796551091,4.45505795,9.176850355,7.039665579,4.368734745,7.203240956,0.006731,0.014471,-0.025715,0.032446,-0.158491,-0.169069,0.010578,-0.21187,0.20711,0.018365,-0.056427,0.074792,-0.131848,-0.274066,0.142218,1,80,19,22,3,6,6,1,4.021603519,1.359456,1.530199055,8,76,100.02,6,100.7119048,2,3,2,0,0,3834,6,92.32332271,6.680859234,9.24227785,38.5259625,106,97.7004,17,2,8.625698753,1250,0
49,"InChI=1S/C21H30N2O2/c1-14-11-15-12-18-17(7-5-9-22-18)21(13-14)16(15)8-6-10-23(21)19(24)25-20(2,3)4/h5,7,9,14-16H,6,8,10-13H2,1-4H3/t14-,15?,16-,21-/m1/s1",,"InChI=1S/C27H41BN2O4/c1-17-14-18-15-21-19(10-9-12-29-21)27(16-17)22(18)20(28-33-25(5,6)26(7,8)34-28)11-13-30(27)23(31)32-24(2,3)4/h9-10,12,17-18,20,22H,11,13-16H2,1-8H3/t17-,18+,20-,22+,27+/m1/s1",2,2,6,2,31.3,1.007407269,10.0750729,972.4636489,1848.059175,9.796551091,4.45505795,9.176850355,7.039665579,4.368734745,7.203240956,0.002819,0.011267,-0.064125,0.031345,0.063232,0.143924,-0.048883,-0.38223,0.19751,0.002696,-0.154129,0.07753,0.02019,-0.277765,0.151371,1,80,19,22,3,6,6,1,2.26836653,1.359456,1.530199055,8,127,100.02,9,100.7119048,2,3,2,0,0,3834,6,92.32332271,6.680859234,9.24227785,38.5259625,106,97.7004,17,2,8.739327406,1250,0
50,"InChI=1S/C21H30N2O2/c1-14-11-15-12-18-17(7-5-9-22-18)21(13-14)16(15)8-6-10-23(21)19(24)25-20(2,3)4/h5,7,9,14-16H,6,8,10-13H2,1-4H3/t14-,15?,16-,21-/m1/s1",,"InChI=1S/C27H41BN2O4/c1-17-12-18-13-22-20(10-9-11-29-22)27(15-17)21(18)14-19(16-30(27)23(31)32-24(2,3)4)28-33-25(5,6)26(7,8)34-28/h9-11,17-19,21H,12-16H2,1-8H3/t17-,18+,19?,21-,27+/m1/s1",2,2,6,2,31.3,1.007407269,10.0750729,972.4636489,1848.059175,9.796551091,4.45505795,9.176850355,7.039665579,4.368734745,7.203240956,0.013953,0.022137,-0.061192,0.035641,-0.04511,-0.057834,0.004566,-0.38639,0.19849,0.02027,-0.145926,0.083228,-0.141982,-0.44555,0.150039,1,80,19,22,3,6,6,1,2.673938444,1.359456,1.530199055,8,95,100.02,7,100.7119048,2,3,2,0,0,3834,6,92.32332271,6.680859234,9.24227785,38.5259625,106,97.7004,17,2,8.4764192,1250,0
51,"InChI=1S/C21H30N2O2/c1-14-11-15-12-18-17(7-5-9-22-18)21(13-14)16(15)8-6-10-23(21)19(24)25-20(2,3)4/h5,7,9,14-16H,6,8,10-13H2,1-4H3/t14-,15?,16-,21-/m1/s1",,"InChI=1S/C27H41BN2O4/c1-17-14-18-15-21-20(10-9-13-29-21)27(16-17)19(18)11-12-22(30(27)23(31)32-24(2,3)4)28-33-25(5,6)26(7,8)34-28/h9-10,13,17-19,22H,11-12,14-16H2,1-8H3/t17-,18+,19-,22+,27-/m1/s1",2,2,6,2,31.3,1.007407269,10.0750729,972.4636489,1848.059175,9.796551091,4.45505795,9.176850355,7.039665579,4.368734745,7.203240956,0.062169,0.156285,-0.009905,0.040729,0.200674,0.249678,0.007566,-0.17571,0.24223,0.171313,-0.051622,0.136906,0.177208,-0.175153,0.194865,1,80,19,22,3,6,6,1,2.719765494,1.116290667,1.530199055,8,104,100.02,8,100.7119048,2,3,2,0,0,3834,6,92.32332271,6.680859234,9.24227785,38.5259625,106,97.7004,17,2,7.552394191,1250,0
52,"InChI=1S/C21H30N2O2/c1-14-11-15-12-18-17(7-5-9-22-18)21(13-14)16(15)8-6-10-23(21)19(24)25-20(2,3)4/h5,7,9,14-16H,6,8,10-13H2,1-4H3/t14-,15?,16-,21-/m1/s1",,"InChI=1S/C27H41BN2O4/c1-18-14-19-15-22-21(10-8-12-29-22)27(16-18)20(19)11-9-13-30(27)23(31)32-24(2,3)17-28-33-25(4,5)26(6,7)34-28/h8,10,12,18-20H,9,11,13-17H2,1-7H3/t18-,19+,20-,27-/m1/s1",2,2,6,2,31.3,1.007407269,10.0750729,972.4636489,1848.059175,9.796551091,4.45505795,9.176850355,7.039665579,4.368734745,7.203240956,0.003106,0.026012,-0.108394,0.038534,-0.12795,-0.334326,0.057604,-0.60436,0.20386,0.026884,-0.266862,0.085518,0.084271,-0.388341,0.140166,1,80,19,22,3,6,6,1,2.433404457,1.359456,1.530199055,8,114,100.02,8,100.7119048,2,3,2,0,0,3834,6,92.32332271,6.680859234,9.24227785,38.5259625,106,97.7004,17,2,8.467813352,1250,0
53,"InChI=1S/C21H30N2O2/c1-14-11-15-12-18-17(7-5-9-22-18)21(13-14)16(15)8-6-10-23(21)19(24)25-20(2,3)4/h5,7,9,14-16H,6,8,10-13H2,1-4H3/t14-,15?,16-,21-/m1/s1",,"InChI=1S/C27H41BN2O4/c1-17-14-18-15-21-22(20(11-12-29-21)28-33-25(5,6)26(7,8)34-28)27(16-17)19(18)10-9-13-30(27)23(31)32-24(2,3)4/h11-12,17-19H,9-10,13-16H2,1-8H3/t17-,18+,19-,27-/m1/s1",2,2,6,2,31.3,1.007407269,10.0750729,972.4636489,1848.059175,9.796551091,4.45505795,9.176850355,7.039665579,4.368734745,7.203240956,0.01963,0.032399,-0.030974,0.050604,0.241617,0.186528,0.05509,-0.16081,0.21586,0.031889,-0.085485,0.117374,-0.041902,-0.19497,0.153068,1,80,19,22,3,6,6,1,2.667345622,1.116290667,1.530199055,8,97,100.02,7,100.7119048,2,3,2,0,0,3834,6,92.32332271,6.680859234,9.24227785,38.5259625,106,97.7004,17,2,7.554419265,1250,0
54,"InChI=1S/C21H30N2O2/c1-14-11-15-12-18-17(7-5-9-22-18)21(13-14)16(15)8-6-10-23(21)19(24)25-20(2,3)4/h5,7,9,14-16H,6,8,10-13H2,1-4H3/t14-,15?,16-,21-/m1/s1",,"InChI=1S/C27H41BN2O4/c1-17-12-18-13-22-21(14-19(16-29-22)28-33-25(5,6)26(7,8)34-28)27(15-17)20(18)10-9-11-30(27)23(31)32-24(2,3)4/h14,16-18,20H,9-13,15H2,1-8H3/t17-,18+,20-,27-/m1/s1",2,2,6,2,31.3,1.007407269,10.0750729,972.4636489,1848.059175,9.796551091,4.45505795,9.176850355,7.039665579,4.368734745,7.203240956,-0.004435,0.001696,-0.054654,0.050219,-0.264838,-0.397344,0.132506,-0.24499,0.2125,-0.013754,-0.124741,0.110988,-0.3989,-0.525582,0.126682,1,80,19,22,3,6,6,1,2.485172108,1.116290667,1.530199055,8,102,100.02,7,100.7119048,2,3,2,0,0,3834,6,92.32332271,6.680859234,9.24227785,38.5259625,106,97.7004,17,2,7.620923897,1250,1
55,"InChI=1S/C21H30N2O2/c1-14-11-15-12-18-17(7-5-9-22-18)21(13-14)16(15)8-6-10-23(21)19(24)25-20(2,3)4/h5,7,9,14-16H,6,8,10-13H2,1-4H3/t14-,15?,16-,21-/m1/s1",,"InChI=1S/C27H41BN2O4/c1-17-14-18-15-21-20(11-12-22(29-21)28-33-25(5,6)26(7,8)34-28)27(16-17)19(18)10-9-13-30(27)23(31)32-24(2,3)4/h11-12,17-19H,9-10,13-16H2,1-8H3/t17-,18+,19-,27-/m1/s1",2,2,6,2,31.3,1.007407269,10.0750729,972.4636489,1848.059175,9.796551091,4.45505795,9.176850355,7.039665579,4.368734745,7.203240956,0.071555,0.161737,0.022615,0.048939,0.417789,0.39843,0.019359,0.05812,0.18679,0.165389,0.051841,0.113548,0.108792,-0.019705,0.128496,1,80,19,22,3,6,6,1,2.523938423,1.116290667,1.530199055,8,89,100.02,6,100.7119048,2,3,2,0,0,3834,6,92.32332271,6.680859234,9.24227785,38.5259625,106,97.7004,17,2,8.063159247,1250,0
56,"InChI=1S/C21H30N2O2/c1-14-11-15-12-18-17(7-5-9-22-18)21(13-14)16(15)8-6-10-23(21)19(24)25-20(2,3)4/h5,7,9,14-16H,6,8,10-13H2,1-4H3/t14-,15?,16-,21-/m1/s1",,"InChI=1S/C27H41BN2O4/c1-17-15-18-19-12-10-14-30(23(31)32-24(2,3)4)27(19,16-17)20-11-9-13-29-22(20)21(18)28-33-25(5,6)26(7,8)34-28/h9,11,13,17-19,21H,10,12,14-16H2,1-8H3/t17-,18-,19-,21-,27-/m1/s1",2,2,6,2,31.3,1.007407269,10.0750729,972.4636489,1848.059175,9.796551091,4.45505795,9.176850355,7.039665579,4.368734745,7.203240956,0.025064,0.047631,-0.059315,0.042628,-0.285188,-0.500015,0.113638,-0.41726,0.22681,0.044276,-0.162907,0.10422,0.065424,-0.294489,0.17608,1,80,19,22,3,6,6,1,2.936811778,1.116290667,1.530199055,8,82,100.02,6,100.7119048,2,3,2,0,0,3834,6,92.32332271,6.680859234,9.24227785,38.5259625,106,97.7004,17,2,7.734067853,1250,0
57,"InChI=1S/C21H30N2O2/c1-14-11-15-12-18-17(7-5-9-22-18)21(13-14)16(15)8-6-10-23(21)19(24)25-20(2,3)4/h5,7,9,14-16H,6,8,10-13H2,1-4H3/t14-,15?,16-,21-/m1/s1",,"InChI=1S/C27H41BN2O4/c1-17-15-18-16-21-20(11-9-13-29-21)27(22(17)28-33-25(5,6)26(7,8)34-28)19(18)12-10-14-30(27)23(31)32-24(2,3)4/h9,11,13,17-19,22H,10,12,14-16H2,1-8H3/t17-,18+,19-,22+,27-/m1/s1",2,2,6,2,31.3,1.007407269,10.0750729,972.4636489,1848.059175,9.796551091,4.45505795,9.176850355,7.039665579,4.368734745,7.203240956,-0.009834,0.021957,-0.066845,0.027753,-0.238742,-0.333654,0.027663,-0.38011,0.22695,0.033925,-0.150595,0.103154,0.023614,-0.332783,0.18912,1,80,19,22,3,6,6,1,2.772251679,1.116290667,1.530199055,8,98,100.02,8,100.7119048,2,3,2,0,0,3834,6,92.32332271,6.680859234,9.24227785,38.5259625,106,97.7004,17,2,8.381909143,1250,0
58,"InChI=1S/C21H30N2O2/c1-14-11-15-12-18-17(7-5-9-22-18)21(13-14)16(15)8-6-10-23(21)19(24)25-20(2,3)4/h5,7,9,14-16H,6,8,10-13H2,1-4H3/t14-,15?,16-,21-/m1/s1",,"InChI=1S/C27H41BN2O4/c1-23(2,3)32-22(31)30-14-10-12-19-18-15-21-20(11-9-13-29-21)27(19,30)17-26(8,16-18)28-33-24(4,5)25(6,7)34-28/h9,11,13,18-19H,10,12,14-17H2,1-8H3/t18-,19-,26+,27-/m1/s1",2,2,6,2,31.3,1.007407269,10.0750729,972.4636489,1848.059175,9.796551091,4.45505795,9.176850355,7.039665579,4.368734745,7.203240956,0.005883,-0.002681,-0.024035,0.029919,0.413052,0.561685,-0.148633,-0.23234,0.19976,0.030333,-0.047776,0.078109,0.272002,0.095568,0.176434,1,80,19,22,3,6,6,1,3.804350481,1.116290667,1.530199055,8,87,100.02,7,100.7119048,2,3,2,0,0,3834,6,92.32332271,6.680859234,9.24227785,38.5259625,106,97.7004,17,2,7.700569361,1250,0
